"John Doe", "Jane Smith", "Alice Johnson",
"Bob Brown", "Charlie Davis", "David Wilson", 
"Eve Miller", "Frank White", "Grace Young", 
"Henry King", "Ivy Lopez", "Jack Hill",
"Kate Scott", "Liam Green", "Mia Hall",
"Noah Adams", "Olivia Baker", "Peter Groot",
"Quinn Cook", "Rose Bell", "Sammy Ward",
"Tina Cole", "Umberto Black", "Victoria Knight",
"Willow Fox", "Xander Day", "Yara Stone",
"Zane Gold", "Ava Blue", "Benjamin Light",
"Cora Night", "Daniel Sky", "Ella Earth",
"Felix Ocean", "Gina Fire", "Hugo Thunder",
"Iris Wind", "Jackie Rain", "Kai Snow",
"Luna Star", "Milo Cloud", "Nina Storm",
"Oscar Frost", "Penny Winter", "Quentin Spring",
"Rita Summer", "Seth Autumn", "Tara Fall",
"Ulysses Spring", "Violet Summer", "Walter Autumn",
"Xena Winter", "Yves Frost", "Zara Storm",
"Adam Rain", "Bella Cloud", "Carl Star",
"Daisy Wind", "Evan Thunder", "Fiona Fire",
"Gabe Ocean", "Holly Earth", "Ian Sky",
"Jade Night", "Kurt Light", "Lana Blue",
"Mike Gold", "Nora Stone", "Owen Black",
"Man Humanname", "Alien Alienname", "Robot Robotname"